{"cameraMode":{"drawMode":0,"name":"Shaded","section":"Shading Mode"},"sceneLighting":true,"audioPlay":false,"sceneViewState":{"m_AlwaysRefresh":false,"showFog":false,"showSkybox":false,"showFlares":false,"showImageEffects":false,"showParticleSystems":false,"showVisualEffectGraphs":false,"m_FxEnabled":true},"in2DMode":false,"pivot":{"x":31.113311767578126,"y":3.9055280685424806,"z":42.17514419555664},"rotation":{"x":0.017987709492444993,"y":0.9420925378799439,"z":-0.33093297481536868,"w":0.05120670050382614},"size":58.37481689453125,"orthographic":false}