{"cameraMode":{"drawMode":0,"name":"Shaded","section":"Shading Mode"},"sceneLighting":false,"audioPlay":false,"sceneViewState":{"m_AlwaysRefresh":false,"showFog":false,"showSkybox":false,"showFlares":false,"showImageEffects":false,"showParticleSystems":false,"showVisualEffectGraphs":false,"m_FxEnabled":true},"in2DMode":false,"pivot":{"x":4.326277732849121,"y":1.8076090812683106,"z":-2.5364816188812258},"rotation":{"x":0.017987709492444993,"y":0.9420925378799439,"z":-0.33093297481536868,"w":0.05120670050382614},"size":0.42182841897010805,"orthographic":false}