{"cameraMode":{"drawMode":0,"name":"Shaded","section":"Shading Mode"},"sceneLighting":false,"audioPlay":false,"sceneViewState":{"m_AlwaysRefresh":false,"showFog":false,"showSkybox":false,"showFlares":false,"showImageEffects":false,"showParticleSystems":false,"showVisualEffectGraphs":false,"m_FxEnabled":true},"in2DMode":false,"pivot":{"x":-0.029862064868211747,"y":0.1478656828403473,"z":0.025854341685771943},"rotation":{"x":-0.11823511123657227,"y":0.856023371219635,"z":-0.2247987985610962,"w":-0.4502338469028473},"size":0.09394147247076035,"orthographic":false}